Erdgravitation g,9.81,0.005,m/s**2,,Zeit t [ms],,Hoehe h [m],
h_err,,[ 0.5  0.3  0.8  0.6  0.7  0.5  0.3],m,,0.0,100.0,80.0,
g_real,-1.4999999894,0.13832081266,m/s**2,,1000.0,100.0,79.0,
t0,0.714285695111,0.225396250438,s,,2000.0,100.0,76.0,
c,79.8367347276,0.747096935009,m,,3000.0,100.0,72.0,
GravKonstante G,6.67408,0.00031,1.0e-11*m**3/(kg*s**2),,4000.0,100.0,65.0,
Erdmasse M,5.9722,5e-05,1.0e+24*kg,,5000.0,100.0,53.0,
Abstand r,16301.1126118,751.594484999,km,,6000.0,100.0,37.0,
,,,,,,,,
