Erdgravitation g,9.81,0.005,m/s**2,,Zeit t [ms],,Hoehe h [m],
g_real,-1.5376404257,0.130810152116,m/s**2,,0.0,100.0,80.0,0.5
t0,0.754202727695,0.218258891774,s,,1000.0,100.0,79.0,0.3
c,79.6697608035,0.579920489924,m,,2000.0,100.0,76.0,0.8
GravKonstante G,6.67408,0.00031,1.0e-11*m**3/(kg*s**2),,3000.0,100.0,72.0,0.6
Erdmasse M,5.9722,5e-05,1.0e+24*kg,,4000.0,100.0,65.0,0.7
Abstand r,16100.3560917,684.844882582,km,,5000.0,100.0,53.0,0.5
,,,,,6000.0,100.0,37.0,0.3
,,,,,,,,
